<ApplicationList>
  <InstallationOptions>
    <SilentInstall/>
    <SimultaneousDownloads>3</SimultaneousDownloads>
  </InstallationOptions>

  <Application>
    <Name>Adobe Reader</Name>
    <FileUrl>http://ardownload.adobe.com/pub/adobe/reader/win/7x/7.0.8/enu/AdbeRdr708_en_US.exe</FileUrl>
  </Application>
  

  <Application>
    <Name>Azureus</Name>
    <FileUrl>http://easynews.dl.sourceforge.net/sourceforge/azureus/Azureus_2.4.0.2_Win32.setup.exe</FileUrl>
  </Application> 

  <Application>
    <Name>FireFox</Name>
    <FileUrl>http://download.mozilla.org/?product=firefox-1.5.0.5&os=win&lang=en-US</FileUrl>
    <Options>
      <DownloadLatestVersion/>
    </Options>
  </Application>

  <Application>
    <Name>Gaim</Name>
    <FileUrl>http://superb-west.dl.sourceforge.net/sourceforge/gaim/gaim-1.5.0.exe</FileUrl>
    <Options>
      <DownloadLatestVersion/>
    </Options>
  </Application>
  
  <Application>
    <Name>Google Desktop</Name>
    <FileUrl>http://desktop.google.com/en/GoogleDesktopSetup.exe</FileUrl>
  </Application>  

  <Application>
    <Name>ICQ</Name>
    <FileUrl>http://ftp.icq.com/pub/ICQ_Win95_98_NT4/ICQ_5/icq5_1_setup.exe</FileUrl>
  </Application>  

  <Application>
    <Name>iTunes</Name>
    <FileUrl>http://appldnld.apple.com.edgesuite.net/content.info.apple.com/iTunes6/Win/061-2454.20060511.tzsawd/iTunesSetup.exe</FileUrl>
  </Application>

  <Application>
    <Name>SpyBot</Name>
    <FileUrl>http://users.belgacom.net/bn710461/spybotsd14.exe</FileUrl>
  </Application>
    

</ApplicationList>
